{
    "cluster-size-3": {
        "small-bucket": {
            "delete": {
                "count": 100,
                "min": 0.00875401496887207,
                "max": 0.022835731506347656,
                "avg": 0.01274169921875
            },
            "update": {
                "count": 100,
                "min": 0.009482145309448242,
                "max": 0.0224759578704834,
                "avg": 0.013117887973785401
            },
            "fts": {
                "count": 100,
                "min": 7.081031799316406e-05,
                "max": 0.0001690387725830078,
                "avg": 7.658004760742187e-05
            },
            "n1qlselect": {
                "count": 100,
                "min": 2.9325485229492188e-05,
                "max": 0.00011324882507324219,
                "avg": 3.348827362060547e-05
            },
            "insert": {
                "count": 100,
                "min": 0.009301185607910156,
                "max": 0.030263423919677734,
                "avg": 0.013384029865264893
            }
        },
        "medium-bucket": {
            "delete": {
                "count": 100,
                "min": 0.009276151657104492,
                "max": 0.02528214454650879,
                "avg": 0.013074367046356202
            },
            "update": {
                "count": 100,
                "min": 0.009390592575073242,
                "max": 0.026404857635498047,
                "avg": 0.013736770153045655
            },
            "fts": {
                "count": 100,
                "min": 7.104873657226562e-05,
                "max": 0.0001621246337890625,
                "avg": 7.593393325805664e-05
            },
            "n1qlselect": {
                "count": 100,
                "min": 2.9087066650390625e-05,
                "max": 0.0001125335693359375,
                "avg": 3.332853317260742e-05
            },
            "insert": {
                "count": 100,
                "min": 0.009704351425170898,
                "max": 0.02698969841003418,
                "avg": 0.01433408260345459
            }
        },
        "large-bucket": {
            "delete": {
                "count": 100,
                "min": 0.008628129959106445,
                "max": 0.01981210708618164,
                "avg": 0.01262148380279541
            },
            "update": {
                "count": 100,
                "min": 0.009215116500854492,
                "max": 0.02447795867919922,
                "avg": 0.013352255821228027
            },
            "fts": {
                "count": 100,
                "min": 7.081031799316406e-05,
                "max": 0.00016617774963378906,
                "avg": 7.589340209960937e-05
            },
            "n1qlselect": {
                "count": 100,
                "min": 2.8848648071289062e-05,
                "max": 0.00014781951904296875,
                "avg": 3.385782241821289e-05
            },
            "insert": {
                "count": 100,
                "min": 0.009218215942382812,
                "max": 0.019651174545288086,
                "avg": 0.013281316757202148
            }
        }
    },
    "cluster-size-4": {
        "small-bucket": {
            "delete": {
                "count": 100,
                "min": 0.009152650833129883,
                "max": 0.025156736373901367,
                "avg": 0.013442509174346924
            },
            "update": {
                "count": 100,
                "min": 0.009512186050415039,
                "max": 0.02379012107849121,
                "avg": 0.013283336162567138
            },
            "fts": {
                "count": 100,
                "min": 7.081031799316406e-05,
                "max": 0.00018525123596191406,
                "avg": 7.615804672241211e-05
            },
            "n1qlselect": {
                "count": 100,
                "min": 2.9087066650390625e-05,
                "max": 0.0001361370086669922,
                "avg": 3.333806991577149e-05
            },
            "insert": {
                "count": 100,
                "min": 0.009287595748901367,
                "max": 0.01912713050842285,
                "avg": 0.013174679279327393
            }
        },
        "medium-bucket": {
            "delete": {
                "count": 100,
                "min": 0.009060382843017578,
                "max": 0.023285865783691406,
                "avg": 0.012763895988464356
            },
            "update": {
                "count": 100,
                "min": 0.009087562561035156,
                "max": 0.022129058837890625,
                "avg": 0.013068182468414307
            },
            "fts": {
                "count": 100,
                "min": 6.937980651855469e-05,
                "max": 0.00017404556274414062,
                "avg": 7.420778274536133e-05
            },
            "n1qlselect": {
                "count": 100,
                "min": 2.7894973754882812e-05,
                "max": 0.00011467933654785156,
                "avg": 3.221273422241211e-05
            },
            "insert": {
                "count": 100,
                "min": 0.00937795639038086,
                "max": 0.02425360679626465,
                "avg": 0.013417198657989501
            }
        },
        "large-bucket": {
            "delete": {
                "count": 100,
                "min": 0.009565591812133789,
                "max": 0.027118921279907227,
                "avg": 0.014631004333496093
            },
            "update": {
                "count": 100,
                "min": 0.00934600830078125,
                "max": 0.02356100082397461,
                "avg": 0.01338237762451172
            },
            "fts": {
                "count": 100,
                "min": 7.033348083496094e-05,
                "max": 0.00013637542724609375,
                "avg": 7.388830184936524e-05
            },
            "n1qlselect": {
                "count": 100,
                "min": 2.9087066650390625e-05,
                "max": 0.016579866409301758,
                "avg": 0.00019804239273071289
            },
            "insert": {
                "count": 100,
                "min": 0.009277820587158203,
                "max": 0.01970529556274414,
                "avg": 0.01322033405303955
            }
        }
    },
    "cluster-size-5": {
        "small-bucket": {
            "delete": {
                "count": 100,
                "min": 0.009077787399291992,
                "max": 0.022197484970092773,
                "avg": 0.013020293712615967
            },
            "update": {
                "count": 100,
                "min": 0.009340763092041016,
                "max": 0.022530317306518555,
                "avg": 0.013015122413635253
            },
            "fts": {
                "count": 100,
                "min": 6.985664367675781e-05,
                "max": 0.0001704692840576172,
                "avg": 7.58671760559082e-05
            },
            "n1qlselect": {
                "count": 100,
                "min": 2.8371810913085938e-05,
                "max": 0.00010919570922851562,
                "avg": 3.101110458374023e-05
            },
            "insert": {
                "count": 100,
                "min": 0.00927877426147461,
                "max": 0.02687835693359375,
                "avg": 0.013510558605194092
            }
        },
        "medium-bucket": {
            "delete": {
                "count": 100,
                "min": 0.00894474983215332,
                "max": 0.03595232963562012,
                "avg": 0.013250865936279298
            },
            "update": {
                "count": 100,
                "min": 0.009481430053710938,
                "max": 0.021684646606445312,
                "avg": 0.013171570301055908
            },
            "fts": {
                "count": 100,